<?xml version="1.0" encoding="UTF-8"?><project-modules id="moduleCoreId" project-version="1.5.0">
    <wb-module deploy-name="restaurant">
        <wb-resource deploy-path="/" source-path="/WebContent" tag="defaultRootSource"/>
        <wb-resource deploy-path="/WEB-INF/classes" source-path="/src"/>
        <dependent-module archiveName="mysql-connector-java-5.1.29-bin.jar" deploy-path="/WEB-INF/lib/" handle="module:/resource/mysql-connector-java-5.1.29-bin/mysql-connector-java-5.1.29-bin">
            <dependency-type>uses</dependency-type>
        </dependent-module>
        <property name="context-root" value="restaurant"/>
        <property name="java-output-path" value="/restaurant/build/classes"/>
    </wb-module>
</project-modules>
